<map>
<tilerow>
<tilecol>6</tilecol><tilecol>6</tilecol><tilecol>6</tilecol><tilecol>6</tilecol><tilecol>6</tilecol><tilecol>6</tilecol><tilecol>6</tilecol><tilecol>6</tilecol><tilecol>6</tilecol><tilecol>6</tilecol><tilecol>6</tilecol><tilecol>6</tilecol><tilecol>6</tilecol><tilecol>6</tilecol><tilecol>6</tilecol><tilecol>6</tilecol><tilecol>6</tilecol><tilecol>6</tilecol><tilecol>6</tilecol><tilecol>6</tilecol><tilecol>6</tilecol><tilecol>6</tilecol><tilecol>6</tilecol><tilecol>6</tilecol><tilecol>6</tilecol><tilecol>6</tilecol><tilecol>6</tilecol><tilecol>6</tilecol><tilecol>6</tilecol><tilecol>6</tilecol><tilecol>6</tilecol><tilecol>6</tilecol><tilecol>6</tilecol><tilecol>6</tilecol><tilecol>6</tilecol><tilecol>6</tilecol><tilecol>6</tilecol><tilecol>6</tilecol><tilecol>6</tilecol><tilecol>6</tilecol><tilecol>6</tilecol><tilecol>6</tilecol><tilecol>6</tilecol><tilecol>6</tilecol><tilecol>6</tilecol><tilecol>6</tilecol><tilecol>6</tilecol><tilecol>6</tilecol><tilecol>6</tilecol><tilecol>6</tilecol>
</tilerow>
<tilerow>
<tilecol>6</tilecol><tilecol>13</tilecol><tilecol>23</tilecol><tilecol>21</tilecol><tilecol>21</tilecol><tilecol>21</tilecol><tilecol>21</tilecol><tilecol>21</tilecol><tilecol>21</tilecol><tilecol>21</tilecol><tilecol>21</tilecol><tilecol>5</tilecol><tilecol>14</tilecol><tilecol>11</tilecol><tilecol>6</tilecol><tilecol>6</tilecol><tilecol>6</tilecol><tilecol>6</tilecol><tilecol>6</tilecol><tilecol>12</tilecol><tilecol>13</tilecol><tilecol>21</tilecol><tilecol>21</tilecol><tilecol>21</tilecol><tilecol>4</tilecol><tilecol>21</tilecol><tilecol>21</tilecol><tilecol>21</tilecol><tilecol>14</tilecol><tilecol>11</tilecol><tilecol>6</tilecol><tilecol>6</tilecol><tilecol>6</tilecol><tilecol>6</tilecol><tilecol>6</tilecol><tilecol>12</tilecol><tilecol>13</tilecol><tilecol>21</tilecol><tilecol>21</tilecol><tilecol>21</tilecol><tilecol>21</tilecol><tilecol>21</tilecol><tilecol>21</tilecol><tilecol>21</tilecol><tilecol>21</tilecol><tilecol>21</tilecol><tilecol>21</tilecol><tilecol>21</tilecol><tilecol>14</tilecol><tilecol>6</tilecol>
</tilerow>
<tilerow>
<tilecol>6</tilecol><tilecol>21</tilecol><tilecol>23</tilecol><tilecol>21</tilecol><tilecol>21</tilecol><tilecol>21</tilecol><tilecol>21</tilecol><tilecol>21</tilecol><tilecol>21</tilecol><tilecol>21</tilecol><tilecol>5</tilecol><tilecol>21</tilecol><tilecol>21</tilecol><tilecol>14</tilecol><tilecol>11</tilecol><tilecol>6</tilecol><tilecol>6</tilecol><tilecol>6</tilecol><tilecol>12</tilecol><tilecol>13</tilecol><tilecol>21</tilecol><tilecol>21</tilecol><tilecol>21</tilecol><tilecol>21</tilecol><tilecol>21</tilecol><tilecol>21</tilecol><tilecol>21</tilecol><tilecol>21</tilecol><tilecol>21</tilecol><tilecol>14</tilecol><tilecol>11</tilecol><tilecol>6</tilecol><tilecol>6</tilecol><tilecol>6</tilecol><tilecol>12</tilecol><tilecol>13</tilecol><tilecol>21</tilecol><tilecol>21</tilecol><tilecol>5</tilecol><tilecol>21</tilecol><tilecol>21</tilecol><tilecol>21</tilecol><tilecol>21</tilecol><tilecol>21</tilecol><tilecol>21</tilecol><tilecol>21</tilecol><tilecol>21</tilecol><tilecol>5</tilecol><tilecol>21</tilecol><tilecol>6</tilecol>
</tilerow>
<tilerow>
<tilecol>6</tilecol><tilecol>21</tilecol><tilecol>23</tilecol><tilecol>21</tilecol><tilecol>21</tilecol><tilecol>3</tilecol><tilecol>21</tilecol><tilecol>21</tilecol><tilecol>21</tilecol><tilecol>21</tilecol><tilecol>21</tilecol><tilecol>21</tilecol><tilecol>21</tilecol><tilecol>21</tilecol><tilecol>14</tilecol><tilecol>11</tilecol><tilecol>6</tilecol><tilecol>12</tilecol><tilecol>13</tilecol><tilecol>21</tilecol><tilecol>21</tilecol><tilecol>21</tilecol><tilecol>21</tilecol><tilecol>21</tilecol><tilecol>21</tilecol><tilecol>21</tilecol><tilecol>3</tilecol><tilecol>21</tilecol><tilecol>21</tilecol><tilecol>5</tilecol><tilecol>14</tilecol><tilecol>11</tilecol><tilecol>6</tilecol><tilecol>12</tilecol><tilecol>13</tilecol><tilecol>21</tilecol><tilecol>21</tilecol><tilecol>21</tilecol><tilecol>21</tilecol><tilecol>21</tilecol><tilecol>21</tilecol><tilecol>21</tilecol><tilecol>21</tilecol><tilecol>21</tilecol><tilecol>21</tilecol><tilecol>21</tilecol><tilecol>21</tilecol><tilecol>21</tilecol><tilecol>21</tilecol><tilecol>6</tilecol>
</tilerow>
<tilerow>
<tilecol>6</tilecol><tilecol>21</tilecol><tilecol>23</tilecol><tilecol>21</tilecol><tilecol>21</tilecol><tilecol>21</tilecol><tilecol>21</tilecol><tilecol>21</tilecol><tilecol>21</tilecol><tilecol>21</tilecol><tilecol>21</tilecol><tilecol>3</tilecol><tilecol>21</tilecol><tilecol>21</tilecol><tilecol>21</tilecol><tilecol>14</tilecol><tilecol>6</tilecol><tilecol>13</tilecol><tilecol>21</tilecol><tilecol>21</tilecol><tilecol>21</tilecol><tilecol>21</tilecol><tilecol>21</tilecol><tilecol>21</tilecol><tilecol>21</tilecol><tilecol>21</tilecol><tilecol>21</tilecol><tilecol>21</tilecol><tilecol>21</tilecol><tilecol>21</tilecol><tilecol>5</tilecol><tilecol>14</tilecol><tilecol>6</tilecol><tilecol>13</tilecol><tilecol>21</tilecol><tilecol>21</tilecol><tilecol>21</tilecol><tilecol>21</tilecol><tilecol>21</tilecol><tilecol>21</tilecol><tilecol>21</tilecol><tilecol>21</tilecol><tilecol>21</tilecol><tilecol>21</tilecol><tilecol>21</tilecol><tilecol>21</tilecol><tilecol>21</tilecol><tilecol>21</tilecol><tilecol>21</tilecol><tilecol>6</tilecol>
</tilerow>
<tilerow>
<tilecol>6</tilecol><tilecol>11</tilecol><tilecol>23</tilecol><tilecol>21</tilecol><tilecol>21</tilecol><tilecol>21</tilecol><tilecol>21</tilecol><tilecol>21</tilecol><tilecol>21</tilecol><tilecol>21</tilecol><tilecol>21</tilecol><tilecol>21</tilecol><tilecol>21</tilecol><tilecol>21</tilecol><tilecol>21</tilecol><tilecol>21</tilecol><tilecol>6</tilecol><tilecol>21</tilecol><tilecol>21</tilecol><tilecol>21</tilecol><tilecol>21</tilecol><tilecol>21</tilecol><tilecol>21</tilecol><tilecol>21</tilecol><tilecol>21</tilecol><tilecol>21</tilecol><tilecol>21</tilecol><tilecol>21</tilecol><tilecol>21</tilecol><tilecol>21</tilecol><tilecol>21</tilecol><tilecol>5</tilecol><tilecol>6</tilecol><tilecol>21</tilecol><tilecol>21</tilecol><tilecol>21</tilecol><tilecol>21</tilecol><tilecol>3</tilecol><tilecol>21</tilecol><tilecol>21</tilecol><tilecol>21</tilecol><tilecol>21</tilecol><tilecol>21</tilecol><tilecol>21</tilecol><tilecol>21</tilecol><tilecol>3</tilecol><tilecol>21</tilecol><tilecol>21</tilecol><tilecol>21</tilecol><tilecol>6</tilecol>
</tilerow>
<tilerow>
<tilecol>6</tilecol><tilecol>6</tilecol><tilecol>6</tilecol><tilecol>6</tilecol><tilecol>6</tilecol><tilecol>6</tilecol><tilecol>6</tilecol><tilecol>21</tilecol><tilecol>21</tilecol><tilecol>21</tilecol><tilecol>21</tilecol><tilecol>21</tilecol><tilecol>21</tilecol><tilecol>21</tilecol><tilecol>21</tilecol><tilecol>21</tilecol><tilecol>6</tilecol><tilecol>21</tilecol><tilecol>21</tilecol><tilecol>21</tilecol><tilecol>21</tilecol><tilecol>21</tilecol><tilecol>21</tilecol><tilecol>21</tilecol><tilecol>21</tilecol><tilecol>21</tilecol><tilecol>21</tilecol><tilecol>21</tilecol><tilecol>21</tilecol><tilecol>21</tilecol><tilecol>21</tilecol><tilecol>21</tilecol><tilecol>6</tilecol><tilecol>21</tilecol><tilecol>21</tilecol><tilecol>21</tilecol><tilecol>21</tilecol><tilecol>21</tilecol><tilecol>21</tilecol><tilecol>21</tilecol><tilecol>21</tilecol><tilecol>21</tilecol><tilecol>21</tilecol><tilecol>21</tilecol><tilecol>21</tilecol><tilecol>21</tilecol><tilecol>21</tilecol><tilecol>21</tilecol><tilecol>21</tilecol><tilecol>6</tilecol>
</tilerow>
<tilerow>
<tilecol>6</tilecol><tilecol>13</tilecol><tilecol>5</tilecol><tilecol>21</tilecol><tilecol>21</tilecol><tilecol>21</tilecol><tilecol>21</tilecol><tilecol>21</tilecol><tilecol>21</tilecol><tilecol>21</tilecol><tilecol>21</tilecol><tilecol>21</tilecol><tilecol>21</tilecol><tilecol>21</tilecol><tilecol>5</tilecol><tilecol>12</tilecol><tilecol>13</tilecol><tilecol>21</tilecol><tilecol>21</tilecol><tilecol>21</tilecol><tilecol>3</tilecol><tilecol>21</tilecol><tilecol>21</tilecol><tilecol>12</tilecol><tilecol>11</tilecol><tilecol>21</tilecol><tilecol>21</tilecol><tilecol>21</tilecol><tilecol>21</tilecol><tilecol>21</tilecol><tilecol>21</tilecol><tilecol>21</tilecol><tilecol>6</tilecol><tilecol>21</tilecol><tilecol>21</tilecol><tilecol>21</tilecol><tilecol>21</tilecol><tilecol>21</tilecol><tilecol>21</tilecol><tilecol>21</tilecol><tilecol>21</tilecol><tilecol>21</tilecol><tilecol>21</tilecol><tilecol>21</tilecol><tilecol>21</tilecol><tilecol>21</tilecol><tilecol>21</tilecol><tilecol>21</tilecol><tilecol>21</tilecol><tilecol>6</tilecol>
</tilerow>
<tilerow>
<tilecol>6</tilecol><tilecol>21</tilecol><tilecol>21</tilecol><tilecol>21</tilecol><tilecol>21</tilecol><tilecol>21</tilecol><tilecol>21</tilecol><tilecol>21</tilecol><tilecol>21</tilecol><tilecol>21</tilecol><tilecol>21</tilecol><tilecol>21</tilecol><tilecol>21</tilecol><tilecol>21</tilecol><tilecol>12</tilecol><tilecol>13</tilecol><tilecol>21</tilecol><tilecol>21</tilecol><tilecol>21</tilecol><tilecol>21</tilecol><tilecol>21</tilecol><tilecol>21</tilecol><tilecol>21</tilecol><tilecol>6</tilecol><tilecol>6</tilecol><tilecol>21</tilecol><tilecol>21</tilecol><tilecol>21</tilecol><tilecol>21</tilecol><tilecol>21</tilecol><tilecol>21</tilecol><tilecol>21</tilecol><tilecol>6</tilecol><tilecol>21</tilecol><tilecol>21</tilecol><tilecol>21</tilecol><tilecol>21</tilecol><tilecol>21</tilecol><tilecol>21</tilecol><tilecol>21</tilecol><tilecol>6</tilecol><tilecol>21</tilecol><tilecol>21</tilecol><tilecol>21</tilecol><tilecol>21</tilecol><tilecol>21</tilecol><tilecol>21</tilecol><tilecol>21</tilecol><tilecol>21</tilecol><tilecol>6</tilecol>
</tilerow>
<tilerow>
<tilecol>6</tilecol><tilecol>21</tilecol><tilecol>21</tilecol><tilecol>21</tilecol><tilecol>21</tilecol><tilecol>21</tilecol><tilecol>21</tilecol><tilecol>21</tilecol><tilecol>21</tilecol><tilecol>21</tilecol><tilecol>21</tilecol><tilecol>21</tilecol><tilecol>21</tilecol><tilecol>12</tilecol><tilecol>13</tilecol><tilecol>21</tilecol><tilecol>21</tilecol><tilecol>21</tilecol><tilecol>21</tilecol><tilecol>21</tilecol><tilecol>21</tilecol><tilecol>21</tilecol><tilecol>21</tilecol><tilecol>6</tilecol><tilecol>6</tilecol><tilecol>21</tilecol><tilecol>21</tilecol><tilecol>21</tilecol><tilecol>21</tilecol><tilecol>21</tilecol><tilecol>21</tilecol><tilecol>21</tilecol><tilecol>6</tilecol><tilecol>21</tilecol><tilecol>21</tilecol><tilecol>21</tilecol><tilecol>21</tilecol><tilecol>21</tilecol><tilecol>21</tilecol><tilecol>21</tilecol><tilecol>6</tilecol><tilecol>21</tilecol><tilecol>21</tilecol><tilecol>21</tilecol><tilecol>21</tilecol><tilecol>21</tilecol><tilecol>21</tilecol><tilecol>21</tilecol><tilecol>21</tilecol><tilecol>6</tilecol>
</tilerow>
<tilerow>
<tilecol>6</tilecol><tilecol>21</tilecol><tilecol>21</tilecol><tilecol>21</tilecol><tilecol>3</tilecol><tilecol>21</tilecol><tilecol>21</tilecol><tilecol>21</tilecol><tilecol>21</tilecol><tilecol>21</tilecol><tilecol>21</tilecol><tilecol>21</tilecol><tilecol>12</tilecol><tilecol>13</tilecol><tilecol>21</tilecol><tilecol>21</tilecol><tilecol>21</tilecol><tilecol>21</tilecol><tilecol>21</tilecol><tilecol>21</tilecol><tilecol>21</tilecol><tilecol>21</tilecol><tilecol>21</tilecol><tilecol>6</tilecol><tilecol>6</tilecol><tilecol>21</tilecol><tilecol>21</tilecol><tilecol>21</tilecol><tilecol>21</tilecol><tilecol>21</tilecol><tilecol>21</tilecol><tilecol>21</tilecol><tilecol>6</tilecol><tilecol>21</tilecol><tilecol>21</tilecol><tilecol>21</tilecol><tilecol>21</tilecol><tilecol>21</tilecol><tilecol>21</tilecol><tilecol>21</tilecol><tilecol>6</tilecol><tilecol>21</tilecol><tilecol>21</tilecol><tilecol>21</tilecol><tilecol>21</tilecol><tilecol>21</tilecol><tilecol>21</tilecol><tilecol>21</tilecol><tilecol>21</tilecol><tilecol>6</tilecol>
</tilerow>
<tilerow>
<tilecol>6</tilecol><tilecol>21</tilecol><tilecol>21</tilecol><tilecol>21</tilecol><tilecol>21</tilecol><tilecol>21</tilecol><tilecol>21</tilecol><tilecol>21</tilecol><tilecol>12</tilecol><tilecol>6</tilecol><tilecol>6</tilecol><tilecol>6</tilecol><tilecol>13</tilecol><tilecol>21</tilecol><tilecol>21</tilecol><tilecol>21</tilecol><tilecol>21</tilecol><tilecol>21</tilecol><tilecol>21</tilecol><tilecol>21</tilecol><tilecol>21</tilecol><tilecol>21</tilecol><tilecol>21</tilecol><tilecol>6</tilecol><tilecol>6</tilecol><tilecol>21</tilecol><tilecol>21</tilecol><tilecol>21</tilecol><tilecol>3</tilecol><tilecol>21</tilecol><tilecol>21</tilecol><tilecol>21</tilecol><tilecol>6</tilecol><tilecol>5</tilecol><tilecol>21</tilecol><tilecol>21</tilecol><tilecol>21</tilecol><tilecol>21</tilecol><tilecol>21</tilecol><tilecol>5</tilecol><tilecol>6</tilecol><tilecol>21</tilecol><tilecol>21</tilecol><tilecol>21</tilecol><tilecol>21</tilecol><tilecol>21</tilecol><tilecol>21</tilecol><tilecol>21</tilecol><tilecol>21</tilecol><tilecol>6</tilecol>
</tilerow>
<tilerow>
<tilecol>6</tilecol><tilecol>21</tilecol><tilecol>21</tilecol><tilecol>21</tilecol><tilecol>21</tilecol><tilecol>21</tilecol><tilecol>21</tilecol><tilecol>12</tilecol><tilecol>13</tilecol><tilecol>21</tilecol><tilecol>21</tilecol><tilecol>21</tilecol><tilecol>21</tilecol><tilecol>21</tilecol><tilecol>3</tilecol><tilecol>21</tilecol><tilecol>21</tilecol><tilecol>21</tilecol><tilecol>21</tilecol><tilecol>21</tilecol><tilecol>21</tilecol><tilecol>21</tilecol><tilecol>5</tilecol><tilecol>6</tilecol><tilecol>6</tilecol><tilecol>21</tilecol><tilecol>21</tilecol><tilecol>21</tilecol><tilecol>21</tilecol><tilecol>21</tilecol><tilecol>21</tilecol><tilecol>21</tilecol><tilecol>6</tilecol><tilecol>5</tilecol><tilecol>21</tilecol><tilecol>21</tilecol><tilecol>21</tilecol><tilecol>21</tilecol><tilecol>21</tilecol><tilecol>5</tilecol><tilecol>6</tilecol><tilecol>21</tilecol><tilecol>21</tilecol><tilecol>21</tilecol><tilecol>21</tilecol><tilecol>21</tilecol><tilecol>21</tilecol><tilecol>21</tilecol><tilecol>21</tilecol><tilecol>6</tilecol>
</tilerow>
<tilerow>
<tilecol>6</tilecol><tilecol>21</tilecol><tilecol>21</tilecol><tilecol>21</tilecol><tilecol>21</tilecol><tilecol>21</tilecol><tilecol>12</tilecol><tilecol>13</tilecol><tilecol>5</tilecol><tilecol>21</tilecol><tilecol>21</tilecol><tilecol>21</tilecol><tilecol>21</tilecol><tilecol>21</tilecol><tilecol>21</tilecol><tilecol>21</tilecol><tilecol>21</tilecol><tilecol>21</tilecol><tilecol>21</tilecol><tilecol>21</tilecol><tilecol>21</tilecol><tilecol>21</tilecol><tilecol>12</tilecol><tilecol>6</tilecol><tilecol>6</tilecol><tilecol>21</tilecol><tilecol>21</tilecol><tilecol>21</tilecol><tilecol>21</tilecol><tilecol>21</tilecol><tilecol>21</tilecol><tilecol>21</tilecol><tilecol>6</tilecol><tilecol>21</tilecol><tilecol>21</tilecol><tilecol>21</tilecol><tilecol>21</tilecol><tilecol>21</tilecol><tilecol>21</tilecol><tilecol>21</tilecol><tilecol>6</tilecol><tilecol>21</tilecol><tilecol>21</tilecol><tilecol>21</tilecol><tilecol>21</tilecol><tilecol>21</tilecol><tilecol>21</tilecol><tilecol>21</tilecol><tilecol>21</tilecol><tilecol>6</tilecol>
</tilerow>
<tilerow>
<tilecol>6</tilecol><tilecol>21</tilecol><tilecol>21</tilecol><tilecol>21</tilecol><tilecol>21</tilecol><tilecol>21</tilecol><tilecol>21</tilecol><tilecol>21</tilecol><tilecol>21</tilecol><tilecol>21</tilecol><tilecol>21</tilecol><tilecol>21</tilecol><tilecol>21</tilecol><tilecol>21</tilecol><tilecol>21</tilecol><tilecol>21</tilecol><tilecol>12</tilecol><tilecol>6</tilecol><tilecol>6</tilecol><tilecol>6</tilecol><tilecol>6</tilecol><tilecol>6</tilecol><tilecol>6</tilecol><tilecol>6</tilecol><tilecol>6</tilecol><tilecol>5</tilecol><tilecol>21</tilecol><tilecol>21</tilecol><tilecol>21</tilecol><tilecol>21</tilecol><tilecol>21</tilecol><tilecol>21</tilecol><tilecol>6</tilecol><tilecol>21</tilecol><tilecol>21</tilecol><tilecol>21</tilecol><tilecol>21</tilecol><tilecol>3</tilecol><tilecol>21</tilecol><tilecol>21</tilecol><tilecol>6</tilecol><tilecol>21</tilecol><tilecol>21</tilecol><tilecol>21</tilecol><tilecol>21</tilecol><tilecol>21</tilecol><tilecol>21</tilecol><tilecol>21</tilecol><tilecol>21</tilecol><tilecol>6</tilecol>
</tilerow>
<tilerow>
<tilecol>6</tilecol><tilecol>21</tilecol><tilecol>21</tilecol><tilecol>21</tilecol><tilecol>21</tilecol><tilecol>21</tilecol><tilecol>21</tilecol><tilecol>21</tilecol><tilecol>21</tilecol><tilecol>21</tilecol><tilecol>21</tilecol><tilecol>21</tilecol><tilecol>21</tilecol><tilecol>21</tilecol><tilecol>21</tilecol><tilecol>12</tilecol><tilecol>13</tilecol><tilecol>21</tilecol><tilecol>21</tilecol><tilecol>21</tilecol><tilecol>5</tilecol><tilecol>21</tilecol><tilecol>21</tilecol><tilecol>21</tilecol><tilecol>14</tilecol><tilecol>11</tilecol><tilecol>5</tilecol><tilecol>21</tilecol><tilecol>21</tilecol><tilecol>21</tilecol><tilecol>21</tilecol><tilecol>21</tilecol><tilecol>6</tilecol><tilecol>21</tilecol><tilecol>21</tilecol><tilecol>21</tilecol><tilecol>21</tilecol><tilecol>21</tilecol><tilecol>21</tilecol><tilecol>21</tilecol><tilecol>6</tilecol><tilecol>21</tilecol><tilecol>5</tilecol><tilecol>21</tilecol><tilecol>21</tilecol><tilecol>3</tilecol><tilecol>21</tilecol><tilecol>5</tilecol><tilecol>21</tilecol><tilecol>6</tilecol>
</tilerow>
<tilerow>
<tilecol>6</tilecol><tilecol>21</tilecol><tilecol>21</tilecol><tilecol>21</tilecol><tilecol>21</tilecol><tilecol>21</tilecol><tilecol>21</tilecol><tilecol>21</tilecol><tilecol>21</tilecol><tilecol>21</tilecol><tilecol>21</tilecol><tilecol>21</tilecol><tilecol>21</tilecol><tilecol>21</tilecol><tilecol>12</tilecol><tilecol>13</tilecol><tilecol>21</tilecol><tilecol>21</tilecol><tilecol>21</tilecol><tilecol>21</tilecol><tilecol>21</tilecol><tilecol>21</tilecol><tilecol>21</tilecol><tilecol>21</tilecol><tilecol>21</tilecol><tilecol>14</tilecol><tilecol>11</tilecol><tilecol>5</tilecol><tilecol>21</tilecol><tilecol>21</tilecol><tilecol>21</tilecol><tilecol>21</tilecol><tilecol>6</tilecol><tilecol>21</tilecol><tilecol>21</tilecol><tilecol>21</tilecol><tilecol>21</tilecol><tilecol>21</tilecol><tilecol>21</tilecol><tilecol>21</tilecol><tilecol>6</tilecol><tilecol>21</tilecol><tilecol>21</tilecol><tilecol>21</tilecol><tilecol>21</tilecol><tilecol>21</tilecol><tilecol>21</tilecol><tilecol>21</tilecol><tilecol>21</tilecol><tilecol>6</tilecol>
</tilerow>
<tilerow>
<tilecol>6</tilecol><tilecol>21</tilecol><tilecol>21</tilecol><tilecol>21</tilecol><tilecol>21</tilecol><tilecol>21</tilecol><tilecol>21</tilecol><tilecol>3</tilecol><tilecol>21</tilecol><tilecol>21</tilecol><tilecol>21</tilecol><tilecol>21</tilecol><tilecol>21</tilecol><tilecol>12</tilecol><tilecol>13</tilecol><tilecol>21</tilecol><tilecol>21</tilecol><tilecol>21</tilecol><tilecol>21</tilecol><tilecol>21</tilecol><tilecol>21</tilecol><tilecol>21</tilecol><tilecol>3</tilecol><tilecol>21</tilecol><tilecol>21</tilecol><tilecol>21</tilecol><tilecol>6</tilecol><tilecol>21</tilecol><tilecol>21</tilecol><tilecol>21</tilecol><tilecol>21</tilecol><tilecol>21</tilecol><tilecol>14</tilecol><tilecol>11</tilecol><tilecol>21</tilecol><tilecol>21</tilecol><tilecol>21</tilecol><tilecol>21</tilecol><tilecol>21</tilecol><tilecol>21</tilecol><tilecol>6</tilecol><tilecol>21</tilecol><tilecol>21</tilecol><tilecol>21</tilecol><tilecol>21</tilecol><tilecol>21</tilecol><tilecol>21</tilecol><tilecol>21</tilecol><tilecol>21</tilecol><tilecol>6</tilecol>
</tilerow>
<tilerow>
<tilecol>6</tilecol><tilecol>21</tilecol><tilecol>21</tilecol><tilecol>21</tilecol><tilecol>21</tilecol><tilecol>21</tilecol><tilecol>21</tilecol><tilecol>21</tilecol><tilecol>21</tilecol><tilecol>21</tilecol><tilecol>21</tilecol><tilecol>21</tilecol><tilecol>12</tilecol><tilecol>13</tilecol><tilecol>21</tilecol><tilecol>21</tilecol><tilecol>21</tilecol><tilecol>3</tilecol><tilecol>21</tilecol><tilecol>21</tilecol><tilecol>21</tilecol><tilecol>21</tilecol><tilecol>21</tilecol><tilecol>21</tilecol><tilecol>21</tilecol><tilecol>21</tilecol><tilecol>6</tilecol><tilecol>21</tilecol><tilecol>21</tilecol><tilecol>21</tilecol><tilecol>21</tilecol><tilecol>21</tilecol><tilecol>21</tilecol><tilecol>14</tilecol><tilecol>11</tilecol><tilecol>21</tilecol><tilecol>21</tilecol><tilecol>21</tilecol><tilecol>21</tilecol><tilecol>21</tilecol><tilecol>6</tilecol><tilecol>21</tilecol><tilecol>21</tilecol><tilecol>21</tilecol><tilecol>21</tilecol><tilecol>21</tilecol><tilecol>21</tilecol><tilecol>21</tilecol><tilecol>21</tilecol><tilecol>6</tilecol>
</tilerow>
<tilerow>
<tilecol>6</tilecol><tilecol>11</tilecol><tilecol>21</tilecol><tilecol>21</tilecol><tilecol>21</tilecol><tilecol>21</tilecol><tilecol>21</tilecol><tilecol>21</tilecol><tilecol>21</tilecol><tilecol>21</tilecol><tilecol>5</tilecol><tilecol>12</tilecol><tilecol>13</tilecol><tilecol>21</tilecol><tilecol>21</tilecol><tilecol>21</tilecol><tilecol>21</tilecol><tilecol>21</tilecol><tilecol>21</tilecol><tilecol>21</tilecol><tilecol>21</tilecol><tilecol>21</tilecol><tilecol>21</tilecol><tilecol>21</tilecol><tilecol>21</tilecol><tilecol>21</tilecol><tilecol>6</tilecol><tilecol>21</tilecol><tilecol>21</tilecol><tilecol>21</tilecol><tilecol>3</tilecol><tilecol>21</tilecol><tilecol>21</tilecol><tilecol>21</tilecol><tilecol>14</tilecol><tilecol>21</tilecol><tilecol>21</tilecol><tilecol>21</tilecol><tilecol>21</tilecol><tilecol>21</tilecol><tilecol>6</tilecol><tilecol>21</tilecol><tilecol>21</tilecol><tilecol>21</tilecol><tilecol>21</tilecol><tilecol>21</tilecol><tilecol>21</tilecol><tilecol>21</tilecol><tilecol>21</tilecol><tilecol>6</tilecol>
</tilerow>
<tilerow>
<tilecol>6</tilecol><tilecol>6</tilecol><tilecol>6</tilecol><tilecol>6</tilecol><tilecol>6</tilecol><tilecol>6</tilecol><tilecol>6</tilecol><tilecol>6</tilecol><tilecol>6</tilecol><tilecol>6</tilecol><tilecol>6</tilecol><tilecol>6</tilecol><tilecol>21</tilecol><tilecol>21</tilecol><tilecol>21</tilecol><tilecol>21</tilecol><tilecol>21</tilecol><tilecol>21</tilecol><tilecol>21</tilecol><tilecol>21</tilecol><tilecol>21</tilecol><tilecol>21</tilecol><tilecol>21</tilecol><tilecol>21</tilecol><tilecol>21</tilecol><tilecol>21</tilecol><tilecol>6</tilecol><tilecol>21</tilecol><tilecol>21</tilecol><tilecol>21</tilecol><tilecol>21</tilecol><tilecol>21</tilecol><tilecol>21</tilecol><tilecol>21</tilecol><tilecol>21</tilecol><tilecol>21</tilecol><tilecol>21</tilecol><tilecol>21</tilecol><tilecol>21</tilecol><tilecol>21</tilecol><tilecol>6</tilecol><tilecol>21</tilecol><tilecol>21</tilecol><tilecol>21</tilecol><tilecol>21</tilecol><tilecol>21</tilecol><tilecol>21</tilecol><tilecol>21</tilecol><tilecol>21</tilecol><tilecol>6</tilecol>
</tilerow>
<tilerow>
<tilecol>6</tilecol><tilecol>6</tilecol><tilecol>6</tilecol><tilecol>6</tilecol><tilecol>6</tilecol><tilecol>6</tilecol><tilecol>6</tilecol><tilecol>6</tilecol><tilecol>6</tilecol><tilecol>6</tilecol><tilecol>6</tilecol><tilecol>13</tilecol><tilecol>21</tilecol><tilecol>21</tilecol><tilecol>21</tilecol><tilecol>21</tilecol><tilecol>21</tilecol><tilecol>21</tilecol><tilecol>21</tilecol><tilecol>12</tilecol><tilecol>5</tilecol><tilecol>21</tilecol><tilecol>21</tilecol><tilecol>21</tilecol><tilecol>21</tilecol><tilecol>21</tilecol><tilecol>14</tilecol><tilecol>11</tilecol><tilecol>21</tilecol><tilecol>21</tilecol><tilecol>21</tilecol><tilecol>21</tilecol><tilecol>21</tilecol><tilecol>21</tilecol><tilecol>21</tilecol><tilecol>21</tilecol><tilecol>21</tilecol><tilecol>21</tilecol><tilecol>21</tilecol><tilecol>21</tilecol><tilecol>6</tilecol><tilecol>21</tilecol><tilecol>21</tilecol><tilecol>21</tilecol><tilecol>21</tilecol><tilecol>21</tilecol><tilecol>21</tilecol><tilecol>21</tilecol><tilecol>21</tilecol><tilecol>6</tilecol>
</tilerow>
<tilerow>
<tilecol>6</tilecol><tilecol>13</tilecol><tilecol>21</tilecol><tilecol>21</tilecol><tilecol>21</tilecol><tilecol>21</tilecol><tilecol>21</tilecol><tilecol>21</tilecol><tilecol>21</tilecol><tilecol>21</tilecol><tilecol>21</tilecol><tilecol>21</tilecol><tilecol>21</tilecol><tilecol>21</tilecol><tilecol>21</tilecol><tilecol>21</tilecol><tilecol>21</tilecol><tilecol>21</tilecol><tilecol>12</tilecol><tilecol>6</tilecol><tilecol>21</tilecol><tilecol>21</tilecol><tilecol>21</tilecol><tilecol>21</tilecol><tilecol>21</tilecol><tilecol>21</tilecol><tilecol>21</tilecol><tilecol>14</tilecol><tilecol>11</tilecol><tilecol>21</tilecol><tilecol>21</tilecol><tilecol>21</tilecol><tilecol>21</tilecol><tilecol>21</tilecol><tilecol>21</tilecol><tilecol>21</tilecol><tilecol>21</tilecol><tilecol>21</tilecol><tilecol>21</tilecol><tilecol>21</tilecol><tilecol>6</tilecol><tilecol>21</tilecol><tilecol>21</tilecol><tilecol>21</tilecol><tilecol>21</tilecol><tilecol>21</tilecol><tilecol>21</tilecol><tilecol>21</tilecol><tilecol>21</tilecol><tilecol>6</tilecol>
</tilerow>
<tilerow>
<tilecol>6</tilecol><tilecol>21</tilecol><tilecol>21</tilecol><tilecol>21</tilecol><tilecol>21</tilecol><tilecol>21</tilecol><tilecol>21</tilecol><tilecol>21</tilecol><tilecol>21</tilecol><tilecol>21</tilecol><tilecol>21</tilecol><tilecol>21</tilecol><tilecol>3</tilecol><tilecol>21</tilecol><tilecol>21</tilecol><tilecol>21</tilecol><tilecol>21</tilecol><tilecol>12</tilecol><tilecol>13</tilecol><tilecol>14</tilecol><tilecol>11</tilecol><tilecol>21</tilecol><tilecol>21</tilecol><tilecol>21</tilecol><tilecol>3</tilecol><tilecol>21</tilecol><tilecol>21</tilecol><tilecol>21</tilecol><tilecol>14</tilecol><tilecol>11</tilecol><tilecol>21</tilecol><tilecol>21</tilecol><tilecol>21</tilecol><tilecol>21</tilecol><tilecol>21</tilecol><tilecol>21</tilecol><tilecol>21</tilecol><tilecol>21</tilecol><tilecol>21</tilecol><tilecol>21</tilecol><tilecol>6</tilecol><tilecol>21</tilecol><tilecol>21</tilecol><tilecol>21</tilecol><tilecol>21</tilecol><tilecol>3</tilecol><tilecol>21</tilecol><tilecol>21</tilecol><tilecol>21</tilecol><tilecol>6</tilecol>
</tilerow>
<tilerow>
<tilecol>6</tilecol><tilecol>21</tilecol><tilecol>21</tilecol><tilecol>21</tilecol><tilecol>3</tilecol><tilecol>21</tilecol><tilecol>21</tilecol><tilecol>21</tilecol><tilecol>21</tilecol><tilecol>21</tilecol><tilecol>21</tilecol><tilecol>21</tilecol><tilecol>21</tilecol><tilecol>21</tilecol><tilecol>21</tilecol><tilecol>21</tilecol><tilecol>12</tilecol><tilecol>13</tilecol><tilecol>21</tilecol><tilecol>21</tilecol><tilecol>14</tilecol><tilecol>11</tilecol><tilecol>21</tilecol><tilecol>21</tilecol><tilecol>21</tilecol><tilecol>21</tilecol><tilecol>21</tilecol><tilecol>21</tilecol><tilecol>21</tilecol><tilecol>14</tilecol><tilecol>11</tilecol><tilecol>21</tilecol><tilecol>21</tilecol><tilecol>21</tilecol><tilecol>21</tilecol><tilecol>21</tilecol><tilecol>21</tilecol><tilecol>21</tilecol><tilecol>21</tilecol><tilecol>21</tilecol><tilecol>6</tilecol><tilecol>21</tilecol><tilecol>21</tilecol><tilecol>21</tilecol><tilecol>21</tilecol><tilecol>21</tilecol><tilecol>21</tilecol><tilecol>21</tilecol><tilecol>21</tilecol><tilecol>6</tilecol>
</tilerow>
<tilerow>
<tilecol>6</tilecol><tilecol>21</tilecol><tilecol>21</tilecol><tilecol>21</tilecol><tilecol>21</tilecol><tilecol>21</tilecol><tilecol>21</tilecol><tilecol>21</tilecol><tilecol>21</tilecol><tilecol>21</tilecol><tilecol>5</tilecol><tilecol>21</tilecol><tilecol>21</tilecol><tilecol>21</tilecol><tilecol>21</tilecol><tilecol>12</tilecol><tilecol>13</tilecol><tilecol>21</tilecol><tilecol>21</tilecol><tilecol>4</tilecol><tilecol>21</tilecol><tilecol>14</tilecol><tilecol>11</tilecol><tilecol>21</tilecol><tilecol>21</tilecol><tilecol>21</tilecol><tilecol>21</tilecol><tilecol>21</tilecol><tilecol>21</tilecol><tilecol>21</tilecol><tilecol>14</tilecol><tilecol>11</tilecol><tilecol>21</tilecol><tilecol>21</tilecol><tilecol>21</tilecol><tilecol>21</tilecol><tilecol>21</tilecol><tilecol>21</tilecol><tilecol>21</tilecol><tilecol>21</tilecol><tilecol>6</tilecol><tilecol>21</tilecol><tilecol>21</tilecol><tilecol>21</tilecol><tilecol>21</tilecol><tilecol>21</tilecol><tilecol>21</tilecol><tilecol>21</tilecol><tilecol>21</tilecol><tilecol>6</tilecol>
</tilerow>
<tilerow>
<tilecol>6</tilecol><tilecol>21</tilecol><tilecol>21</tilecol><tilecol>21</tilecol><tilecol>21</tilecol><tilecol>21</tilecol><tilecol>21</tilecol><tilecol>21</tilecol><tilecol>12</tilecol><tilecol>6</tilecol><tilecol>6</tilecol><tilecol>6</tilecol><tilecol>6</tilecol><tilecol>11</tilecol><tilecol>12</tilecol><tilecol>13</tilecol><tilecol>21</tilecol><tilecol>21</tilecol><tilecol>21</tilecol><tilecol>21</tilecol><tilecol>21</tilecol><tilecol>21</tilecol><tilecol>14</tilecol><tilecol>11</tilecol><tilecol>21</tilecol><tilecol>21</tilecol><tilecol>21</tilecol><tilecol>21</tilecol><tilecol>21</tilecol><tilecol>21</tilecol><tilecol>21</tilecol><tilecol>14</tilecol><tilecol>11</tilecol><tilecol>21</tilecol><tilecol>21</tilecol><tilecol>21</tilecol><tilecol>21</tilecol><tilecol>21</tilecol><tilecol>21</tilecol><tilecol>21</tilecol><tilecol>6</tilecol><tilecol>21</tilecol><tilecol>21</tilecol><tilecol>21</tilecol><tilecol>21</tilecol><tilecol>21</tilecol><tilecol>21</tilecol><tilecol>21</tilecol><tilecol>21</tilecol><tilecol>6</tilecol>
</tilerow>
<tilerow>
<tilecol>6</tilecol><tilecol>21</tilecol><tilecol>21</tilecol><tilecol>21</tilecol><tilecol>21</tilecol><tilecol>21</tilecol><tilecol>21</tilecol><tilecol>21</tilecol><tilecol>14</tilecol><tilecol>6</tilecol><tilecol>6</tilecol><tilecol>6</tilecol><tilecol>6</tilecol><tilecol>13</tilecol><tilecol>21</tilecol><tilecol>21</tilecol><tilecol>21</tilecol><tilecol>21</tilecol><tilecol>21</tilecol><tilecol>21</tilecol><tilecol>21</tilecol><tilecol>21</tilecol><tilecol>21</tilecol><tilecol>14</tilecol><tilecol>11</tilecol><tilecol>21</tilecol><tilecol>21</tilecol><tilecol>21</tilecol><tilecol>21</tilecol><tilecol>21</tilecol><tilecol>21</tilecol><tilecol>21</tilecol><tilecol>14</tilecol><tilecol>11</tilecol><tilecol>21</tilecol><tilecol>21</tilecol><tilecol>21</tilecol><tilecol>3</tilecol><tilecol>21</tilecol><tilecol>21</tilecol><tilecol>6</tilecol><tilecol>5</tilecol><tilecol>21</tilecol><tilecol>21</tilecol><tilecol>21</tilecol><tilecol>21</tilecol><tilecol>21</tilecol><tilecol>21</tilecol><tilecol>5</tilecol><tilecol>6</tilecol>
</tilerow>
<tilerow>
<tilecol>6</tilecol><tilecol>21</tilecol><tilecol>21</tilecol><tilecol>21</tilecol><tilecol>21</tilecol><tilecol>21</tilecol><tilecol>21</tilecol><tilecol>21</tilecol><tilecol>21</tilecol><tilecol>21</tilecol><tilecol>21</tilecol><tilecol>21</tilecol><tilecol>21</tilecol><tilecol>5</tilecol><tilecol>21</tilecol><tilecol>21</tilecol><tilecol>21</tilecol><tilecol>21</tilecol><tilecol>21</tilecol><tilecol>21</tilecol><tilecol>21</tilecol><tilecol>21</tilecol><tilecol>21</tilecol><tilecol>21</tilecol><tilecol>14</tilecol><tilecol>11</tilecol><tilecol>21</tilecol><tilecol>21</tilecol><tilecol>21</tilecol><tilecol>3</tilecol><tilecol>21</tilecol><tilecol>21</tilecol><tilecol>21</tilecol><tilecol>14</tilecol><tilecol>11</tilecol><tilecol>21</tilecol><tilecol>21</tilecol><tilecol>21</tilecol><tilecol>21</tilecol><tilecol>21</tilecol><tilecol>6</tilecol><tilecol>21</tilecol><tilecol>21</tilecol><tilecol>21</tilecol><tilecol>21</tilecol><tilecol>21</tilecol><tilecol>21</tilecol><tilecol>21</tilecol><tilecol>21</tilecol><tilecol>6</tilecol>
</tilerow>
<tilerow>
<tilecol>6</tilecol><tilecol>21</tilecol><tilecol>21</tilecol><tilecol>21</tilecol><tilecol>21</tilecol><tilecol>21</tilecol><tilecol>21</tilecol><tilecol>21</tilecol><tilecol>21</tilecol><tilecol>21</tilecol><tilecol>21</tilecol><tilecol>21</tilecol><tilecol>21</tilecol><tilecol>21</tilecol><tilecol>5</tilecol><tilecol>21</tilecol><tilecol>21</tilecol><tilecol>21</tilecol><tilecol>21</tilecol><tilecol>21</tilecol><tilecol>21</tilecol><tilecol>21</tilecol><tilecol>21</tilecol><tilecol>21</tilecol><tilecol>21</tilecol><tilecol>6</tilecol><tilecol>11</tilecol><tilecol>21</tilecol><tilecol>21</tilecol><tilecol>21</tilecol><tilecol>21</tilecol><tilecol>21</tilecol><tilecol>21</tilecol><tilecol>21</tilecol><tilecol>14</tilecol><tilecol>11</tilecol><tilecol>21</tilecol><tilecol>21</tilecol><tilecol>21</tilecol><tilecol>21</tilecol><tilecol>6</tilecol><tilecol>21</tilecol><tilecol>21</tilecol><tilecol>21</tilecol><tilecol>21</tilecol><tilecol>3</tilecol><tilecol>21</tilecol><tilecol>21</tilecol><tilecol>21</tilecol><tilecol>6</tilecol>
</tilerow>
<tilerow>
<tilecol>6</tilecol><tilecol>21</tilecol><tilecol>21</tilecol><tilecol>21</tilecol><tilecol>21</tilecol><tilecol>21</tilecol><tilecol>3</tilecol><tilecol>21</tilecol><tilecol>21</tilecol><tilecol>21</tilecol><tilecol>21</tilecol><tilecol>21</tilecol><tilecol>21</tilecol><tilecol>21</tilecol><tilecol>21</tilecol><tilecol>5</tilecol><tilecol>21</tilecol><tilecol>21</tilecol><tilecol>21</tilecol><tilecol>21</tilecol><tilecol>21</tilecol><tilecol>21</tilecol><tilecol>21</tilecol><tilecol>21</tilecol><tilecol>12</tilecol><tilecol>13</tilecol><tilecol>14</tilecol><tilecol>11</tilecol><tilecol>21</tilecol><tilecol>21</tilecol><tilecol>21</tilecol><tilecol>21</tilecol><tilecol>21</tilecol><tilecol>21</tilecol><tilecol>21</tilecol><tilecol>14</tilecol><tilecol>11</tilecol><tilecol>21</tilecol><tilecol>4</tilecol><tilecol>21</tilecol><tilecol>6</tilecol><tilecol>21</tilecol><tilecol>21</tilecol><tilecol>21</tilecol><tilecol>21</tilecol><tilecol>21</tilecol><tilecol>21</tilecol><tilecol>21</tilecol><tilecol>21</tilecol><tilecol>6</tilecol>
</tilerow>
<tilerow>
<tilecol>6</tilecol><tilecol>21</tilecol><tilecol>21</tilecol><tilecol>21</tilecol><tilecol>21</tilecol><tilecol>21</tilecol><tilecol>21</tilecol><tilecol>21</tilecol><tilecol>21</tilecol><tilecol>21</tilecol><tilecol>21</tilecol><tilecol>21</tilecol><tilecol>21</tilecol><tilecol>21</tilecol><tilecol>21</tilecol><tilecol>21</tilecol><tilecol>21</tilecol><tilecol>21</tilecol><tilecol>21</tilecol><tilecol>21</tilecol><tilecol>21</tilecol><tilecol>21</tilecol><tilecol>21</tilecol><tilecol>12</tilecol><tilecol>13</tilecol><tilecol>21</tilecol><tilecol>21</tilecol><tilecol>14</tilecol><tilecol>11</tilecol><tilecol>21</tilecol><tilecol>21</tilecol><tilecol>21</tilecol><tilecol>21</tilecol><tilecol>21</tilecol><tilecol>21</tilecol><tilecol>21</tilecol><tilecol>14</tilecol><tilecol>11</tilecol><tilecol>21</tilecol><tilecol>21</tilecol><tilecol>6</tilecol><tilecol>21</tilecol><tilecol>21</tilecol><tilecol>21</tilecol><tilecol>21</tilecol><tilecol>21</tilecol><tilecol>21</tilecol><tilecol>21</tilecol><tilecol>21</tilecol><tilecol>6</tilecol>
</tilerow>
<tilerow>
<tilecol>6</tilecol><tilecol>21</tilecol><tilecol>21</tilecol><tilecol>21</tilecol><tilecol>21</tilecol><tilecol>21</tilecol><tilecol>21</tilecol><tilecol>21</tilecol><tilecol>21</tilecol><tilecol>21</tilecol><tilecol>21</tilecol><tilecol>21</tilecol><tilecol>21</tilecol><tilecol>21</tilecol><tilecol>21</tilecol><tilecol>21</tilecol><tilecol>21</tilecol><tilecol>21</tilecol><tilecol>21</tilecol><tilecol>21</tilecol><tilecol>21</tilecol><tilecol>21</tilecol><tilecol>12</tilecol><tilecol>13</tilecol><tilecol>21</tilecol><tilecol>21</tilecol><tilecol>21</tilecol><tilecol>21</tilecol><tilecol>14</tilecol><tilecol>11</tilecol><tilecol>21</tilecol><tilecol>21</tilecol><tilecol>21</tilecol><tilecol>21</tilecol><tilecol>21</tilecol><tilecol>21</tilecol><tilecol>21</tilecol><tilecol>14</tilecol><tilecol>11</tilecol><tilecol>21</tilecol><tilecol>6</tilecol><tilecol>21</tilecol><tilecol>21</tilecol><tilecol>21</tilecol><tilecol>21</tilecol><tilecol>21</tilecol><tilecol>21</tilecol><tilecol>21</tilecol><tilecol>21</tilecol><tilecol>6</tilecol>
</tilerow>
<tilerow>
<tilecol>6</tilecol><tilecol>11</tilecol><tilecol>21</tilecol><tilecol>21</tilecol><tilecol>21</tilecol><tilecol>21</tilecol><tilecol>21</tilecol><tilecol>21</tilecol><tilecol>21</tilecol><tilecol>21</tilecol><tilecol>21</tilecol><tilecol>21</tilecol><tilecol>21</tilecol><tilecol>21</tilecol><tilecol>21</tilecol><tilecol>3</tilecol><tilecol>21</tilecol><tilecol>21</tilecol><tilecol>21</tilecol><tilecol>21</tilecol><tilecol>21</tilecol><tilecol>12</tilecol><tilecol>13</tilecol><tilecol>21</tilecol><tilecol>21</tilecol><tilecol>21</tilecol><tilecol>21</tilecol><tilecol>21</tilecol><tilecol>21</tilecol><tilecol>14</tilecol><tilecol>11</tilecol><tilecol>21</tilecol><tilecol>21</tilecol><tilecol>21</tilecol><tilecol>3</tilecol><tilecol>21</tilecol><tilecol>21</tilecol><tilecol>21</tilecol><tilecol>14</tilecol><tilecol>11</tilecol><tilecol>6</tilecol><tilecol>21</tilecol><tilecol>21</tilecol><tilecol>21</tilecol><tilecol>21</tilecol><tilecol>21</tilecol><tilecol>21</tilecol><tilecol>21</tilecol><tilecol>21</tilecol><tilecol>6</tilecol>
</tilerow>
<tilerow>
<tilecol>6</tilecol><tilecol>6</tilecol><tilecol>6</tilecol><tilecol>6</tilecol><tilecol>6</tilecol><tilecol>6</tilecol><tilecol>6</tilecol><tilecol>6</tilecol><tilecol>6</tilecol><tilecol>11</tilecol><tilecol>21</tilecol><tilecol>21</tilecol><tilecol>21</tilecol><tilecol>21</tilecol><tilecol>21</tilecol><tilecol>21</tilecol><tilecol>21</tilecol><tilecol>21</tilecol><tilecol>21</tilecol><tilecol>21</tilecol><tilecol>12</tilecol><tilecol>13</tilecol><tilecol>21</tilecol><tilecol>21</tilecol><tilecol>21</tilecol><tilecol>21</tilecol><tilecol>3</tilecol><tilecol>21</tilecol><tilecol>21</tilecol><tilecol>21</tilecol><tilecol>14</tilecol><tilecol>11</tilecol><tilecol>21</tilecol><tilecol>21</tilecol><tilecol>21</tilecol><tilecol>21</tilecol><tilecol>21</tilecol><tilecol>21</tilecol><tilecol>21</tilecol><tilecol>14</tilecol><tilecol>6</tilecol><tilecol>21</tilecol><tilecol>21</tilecol><tilecol>21</tilecol><tilecol>21</tilecol><tilecol>21</tilecol><tilecol>21</tilecol><tilecol>21</tilecol><tilecol>21</tilecol><tilecol>6</tilecol>
</tilerow>
<tilerow>
<tilecol>6</tilecol><tilecol>6</tilecol><tilecol>6</tilecol><tilecol>6</tilecol><tilecol>6</tilecol><tilecol>6</tilecol><tilecol>6</tilecol><tilecol>6</tilecol><tilecol>6</tilecol><tilecol>13</tilecol><tilecol>21</tilecol><tilecol>21</tilecol><tilecol>21</tilecol><tilecol>21</tilecol><tilecol>21</tilecol><tilecol>21</tilecol><tilecol>21</tilecol><tilecol>21</tilecol><tilecol>21</tilecol><tilecol>12</tilecol><tilecol>13</tilecol><tilecol>21</tilecol><tilecol>21</tilecol><tilecol>21</tilecol><tilecol>21</tilecol><tilecol>21</tilecol><tilecol>21</tilecol><tilecol>21</tilecol><tilecol>21</tilecol><tilecol>21</tilecol><tilecol>21</tilecol><tilecol>14</tilecol><tilecol>11</tilecol><tilecol>21</tilecol><tilecol>21</tilecol><tilecol>21</tilecol><tilecol>21</tilecol><tilecol>21</tilecol><tilecol>21</tilecol><tilecol>21</tilecol><tilecol>6</tilecol><tilecol>21</tilecol><tilecol>21</tilecol><tilecol>21</tilecol><tilecol>21</tilecol><tilecol>3</tilecol><tilecol>21</tilecol><tilecol>21</tilecol><tilecol>21</tilecol><tilecol>6</tilecol>
</tilerow>
<tilerow>
<tilecol>6</tilecol><tilecol>13</tilecol><tilecol>21</tilecol><tilecol>21</tilecol><tilecol>21</tilecol><tilecol>21</tilecol><tilecol>21</tilecol><tilecol>21</tilecol><tilecol>21</tilecol><tilecol>21</tilecol><tilecol>21</tilecol><tilecol>21</tilecol><tilecol>21</tilecol><tilecol>21</tilecol><tilecol>21</tilecol><tilecol>21</tilecol><tilecol>21</tilecol><tilecol>21</tilecol><tilecol>21</tilecol><tilecol>6</tilecol><tilecol>21</tilecol><tilecol>21</tilecol><tilecol>21</tilecol><tilecol>21</tilecol><tilecol>21</tilecol><tilecol>21</tilecol><tilecol>21</tilecol><tilecol>21</tilecol><tilecol>21</tilecol><tilecol>21</tilecol><tilecol>21</tilecol><tilecol>21</tilecol><tilecol>14</tilecol><tilecol>11</tilecol><tilecol>21</tilecol><tilecol>21</tilecol><tilecol>3</tilecol><tilecol>21</tilecol><tilecol>21</tilecol><tilecol>21</tilecol><tilecol>6</tilecol><tilecol>21</tilecol><tilecol>21</tilecol><tilecol>21</tilecol><tilecol>21</tilecol><tilecol>21</tilecol><tilecol>21</tilecol><tilecol>21</tilecol><tilecol>21</tilecol><tilecol>6</tilecol>
</tilerow>
<tilerow>
<tilecol>6</tilecol><tilecol>21</tilecol><tilecol>21</tilecol><tilecol>21</tilecol><tilecol>21</tilecol><tilecol>21</tilecol><tilecol>21</tilecol><tilecol>21</tilecol><tilecol>21</tilecol><tilecol>21</tilecol><tilecol>21</tilecol><tilecol>21</tilecol><tilecol>21</tilecol><tilecol>21</tilecol><tilecol>21</tilecol><tilecol>21</tilecol><tilecol>21</tilecol><tilecol>21</tilecol><tilecol>21</tilecol><tilecol>6</tilecol><tilecol>21</tilecol><tilecol>21</tilecol><tilecol>21</tilecol><tilecol>21</tilecol><tilecol>21</tilecol><tilecol>21</tilecol><tilecol>21</tilecol><tilecol>21</tilecol><tilecol>21</tilecol><tilecol>21</tilecol><tilecol>21</tilecol><tilecol>21</tilecol><tilecol>21</tilecol><tilecol>6</tilecol><tilecol>21</tilecol><tilecol>21</tilecol><tilecol>21</tilecol><tilecol>21</tilecol><tilecol>21</tilecol><tilecol>21</tilecol><tilecol>6</tilecol><tilecol>21</tilecol><tilecol>21</tilecol><tilecol>21</tilecol><tilecol>21</tilecol><tilecol>21</tilecol><tilecol>21</tilecol><tilecol>21</tilecol><tilecol>21</tilecol><tilecol>6</tilecol>
</tilerow>
<tilerow>
<tilecol>6</tilecol><tilecol>21</tilecol><tilecol>3</tilecol><tilecol>21</tilecol><tilecol>21</tilecol><tilecol>21</tilecol><tilecol>21</tilecol><tilecol>21</tilecol><tilecol>21</tilecol><tilecol>21</tilecol><tilecol>21</tilecol><tilecol>21</tilecol><tilecol>21</tilecol><tilecol>21</tilecol><tilecol>21</tilecol><tilecol>21</tilecol><tilecol>21</tilecol><tilecol>21</tilecol><tilecol>21</tilecol><tilecol>6</tilecol><tilecol>21</tilecol><tilecol>21</tilecol><tilecol>21</tilecol><tilecol>21</tilecol><tilecol>21</tilecol><tilecol>21</tilecol><tilecol>21</tilecol><tilecol>21</tilecol><tilecol>21</tilecol><tilecol>21</tilecol><tilecol>21</tilecol><tilecol>21</tilecol><tilecol>21</tilecol><tilecol>6</tilecol><tilecol>21</tilecol><tilecol>21</tilecol><tilecol>21</tilecol><tilecol>21</tilecol><tilecol>21</tilecol><tilecol>21</tilecol><tilecol>6</tilecol><tilecol>21</tilecol><tilecol>21</tilecol><tilecol>21</tilecol><tilecol>21</tilecol><tilecol>21</tilecol><tilecol>21</tilecol><tilecol>21</tilecol><tilecol>21</tilecol><tilecol>6</tilecol>
</tilerow>
<tilerow>
<tilecol>6</tilecol><tilecol>21</tilecol><tilecol>21</tilecol><tilecol>21</tilecol><tilecol>21</tilecol><tilecol>21</tilecol><tilecol>21</tilecol><tilecol>21</tilecol><tilecol>21</tilecol><tilecol>21</tilecol><tilecol>21</tilecol><tilecol>21</tilecol><tilecol>21</tilecol><tilecol>21</tilecol><tilecol>21</tilecol><tilecol>21</tilecol><tilecol>21</tilecol><tilecol>21</tilecol><tilecol>21</tilecol><tilecol>6</tilecol><tilecol>21</tilecol><tilecol>21</tilecol><tilecol>3</tilecol><tilecol>21</tilecol><tilecol>21</tilecol><tilecol>12</tilecol><tilecol>11</tilecol><tilecol>21</tilecol><tilecol>21</tilecol><tilecol>21</tilecol><tilecol>3</tilecol><tilecol>21</tilecol><tilecol>21</tilecol><tilecol>6</tilecol><tilecol>5</tilecol><tilecol>21</tilecol><tilecol>21</tilecol><tilecol>21</tilecol><tilecol>21</tilecol><tilecol>5</tilecol><tilecol>6</tilecol><tilecol>21</tilecol><tilecol>21</tilecol><tilecol>21</tilecol><tilecol>21</tilecol><tilecol>21</tilecol><tilecol>21</tilecol><tilecol>21</tilecol><tilecol>21</tilecol><tilecol>6</tilecol>
</tilerow>
<tilerow>
<tilecol>6</tilecol><tilecol>21</tilecol><tilecol>21</tilecol><tilecol>21</tilecol><tilecol>21</tilecol><tilecol>21</tilecol><tilecol>21</tilecol><tilecol>21</tilecol><tilecol>21</tilecol><tilecol>21</tilecol><tilecol>21</tilecol><tilecol>21</tilecol><tilecol>21</tilecol><tilecol>21</tilecol><tilecol>21</tilecol><tilecol>21</tilecol><tilecol>21</tilecol><tilecol>21</tilecol><tilecol>21</tilecol><tilecol>6</tilecol><tilecol>5</tilecol><tilecol>21</tilecol><tilecol>21</tilecol><tilecol>21</tilecol><tilecol>5</tilecol><tilecol>6</tilecol><tilecol>6</tilecol><tilecol>21</tilecol><tilecol>21</tilecol><tilecol>21</tilecol><tilecol>21</tilecol><tilecol>21</tilecol><tilecol>21</tilecol><tilecol>6</tilecol><tilecol>21</tilecol><tilecol>21</tilecol><tilecol>21</tilecol><tilecol>21</tilecol><tilecol>21</tilecol><tilecol>21</tilecol><tilecol>6</tilecol><tilecol>21</tilecol><tilecol>21</tilecol><tilecol>21</tilecol><tilecol>21</tilecol><tilecol>21</tilecol><tilecol>21</tilecol><tilecol>21</tilecol><tilecol>21</tilecol><tilecol>6</tilecol>
</tilerow>
<tilerow>
<tilecol>6</tilecol><tilecol>21</tilecol><tilecol>21</tilecol><tilecol>21</tilecol><tilecol>21</tilecol><tilecol>21</tilecol><tilecol>21</tilecol><tilecol>21</tilecol><tilecol>12</tilecol><tilecol>6</tilecol><tilecol>6</tilecol><tilecol>6</tilecol><tilecol>6</tilecol><tilecol>11</tilecol><tilecol>12</tilecol><tilecol>11</tilecol><tilecol>12</tilecol><tilecol>11</tilecol><tilecol>12</tilecol><tilecol>13</tilecol><tilecol>21</tilecol><tilecol>21</tilecol><tilecol>21</tilecol><tilecol>21</tilecol><tilecol>21</tilecol><tilecol>6</tilecol><tilecol>6</tilecol><tilecol>21</tilecol><tilecol>21</tilecol><tilecol>21</tilecol><tilecol>21</tilecol><tilecol>21</tilecol><tilecol>21</tilecol><tilecol>6</tilecol><tilecol>21</tilecol><tilecol>21</tilecol><tilecol>21</tilecol><tilecol>21</tilecol><tilecol>21</tilecol><tilecol>21</tilecol><tilecol>6</tilecol><tilecol>21</tilecol><tilecol>21</tilecol><tilecol>21</tilecol><tilecol>21</tilecol><tilecol>3</tilecol><tilecol>21</tilecol><tilecol>21</tilecol><tilecol>21</tilecol><tilecol>6</tilecol>
</tilerow>
<tilerow>
<tilecol>6</tilecol><tilecol>21</tilecol><tilecol>21</tilecol><tilecol>21</tilecol><tilecol>21</tilecol><tilecol>21</tilecol><tilecol>21</tilecol><tilecol>21</tilecol><tilecol>14</tilecol><tilecol>6</tilecol><tilecol>6</tilecol><tilecol>6</tilecol><tilecol>6</tilecol><tilecol>13</tilecol><tilecol>14</tilecol><tilecol>13</tilecol><tilecol>14</tilecol><tilecol>13</tilecol><tilecol>21</tilecol><tilecol>21</tilecol><tilecol>21</tilecol><tilecol>21</tilecol><tilecol>3</tilecol><tilecol>21</tilecol><tilecol>21</tilecol><tilecol>6</tilecol><tilecol>6</tilecol><tilecol>21</tilecol><tilecol>21</tilecol><tilecol>21</tilecol><tilecol>3</tilecol><tilecol>21</tilecol><tilecol>21</tilecol><tilecol>6</tilecol><tilecol>21</tilecol><tilecol>21</tilecol><tilecol>21</tilecol><tilecol>21</tilecol><tilecol>21</tilecol><tilecol>21</tilecol><tilecol>13</tilecol><tilecol>5</tilecol><tilecol>21</tilecol><tilecol>21</tilecol><tilecol>21</tilecol><tilecol>21</tilecol><tilecol>21</tilecol><tilecol>21</tilecol><tilecol>21</tilecol><tilecol>6</tilecol>
</tilerow>
<tilerow>
<tilecol>6</tilecol><tilecol>21</tilecol><tilecol>21</tilecol><tilecol>21</tilecol><tilecol>21</tilecol><tilecol>21</tilecol><tilecol>21</tilecol><tilecol>21</tilecol><tilecol>21</tilecol><tilecol>21</tilecol><tilecol>21</tilecol><tilecol>21</tilecol><tilecol>21</tilecol><tilecol>21</tilecol><tilecol>21</tilecol><tilecol>21</tilecol><tilecol>21</tilecol><tilecol>21</tilecol><tilecol>21</tilecol><tilecol>21</tilecol><tilecol>21</tilecol><tilecol>21</tilecol><tilecol>21</tilecol><tilecol>21</tilecol><tilecol>21</tilecol><tilecol>6</tilecol><tilecol>6</tilecol><tilecol>21</tilecol><tilecol>21</tilecol><tilecol>21</tilecol><tilecol>21</tilecol><tilecol>21</tilecol><tilecol>21</tilecol><tilecol>6</tilecol><tilecol>21</tilecol><tilecol>21</tilecol><tilecol>21</tilecol><tilecol>21</tilecol><tilecol>21</tilecol><tilecol>21</tilecol><tilecol>21</tilecol><tilecol>21</tilecol><tilecol>21</tilecol><tilecol>21</tilecol><tilecol>21</tilecol><tilecol>21</tilecol><tilecol>21</tilecol><tilecol>21</tilecol><tilecol>5</tilecol><tilecol>6</tilecol>
</tilerow>
<tilerow>
<tilecol>6</tilecol><tilecol>21</tilecol><tilecol>21</tilecol><tilecol>21</tilecol><tilecol>21</tilecol><tilecol>21</tilecol><tilecol>21</tilecol><tilecol>21</tilecol><tilecol>21</tilecol><tilecol>21</tilecol><tilecol>21</tilecol><tilecol>21</tilecol><tilecol>21</tilecol><tilecol>21</tilecol><tilecol>21</tilecol><tilecol>21</tilecol><tilecol>21</tilecol><tilecol>21</tilecol><tilecol>21</tilecol><tilecol>21</tilecol><tilecol>21</tilecol><tilecol>21</tilecol><tilecol>21</tilecol><tilecol>21</tilecol><tilecol>21</tilecol><tilecol>6</tilecol><tilecol>6</tilecol><tilecol>21</tilecol><tilecol>21</tilecol><tilecol>21</tilecol><tilecol>21</tilecol><tilecol>21</tilecol><tilecol>21</tilecol><tilecol>6</tilecol><tilecol>21</tilecol><tilecol>21</tilecol><tilecol>21</tilecol><tilecol>21</tilecol><tilecol>21</tilecol><tilecol>21</tilecol><tilecol>21</tilecol><tilecol>21</tilecol><tilecol>21</tilecol><tilecol>21</tilecol><tilecol>21</tilecol><tilecol>21</tilecol><tilecol>21</tilecol><tilecol>21</tilecol><tilecol>21</tilecol><tilecol>6</tilecol>
</tilerow>
<tilerow>
<tilecol>6</tilecol><tilecol>21</tilecol><tilecol>21</tilecol><tilecol>3</tilecol><tilecol>21</tilecol><tilecol>21</tilecol><tilecol>21</tilecol><tilecol>21</tilecol><tilecol>21</tilecol><tilecol>3</tilecol><tilecol>21</tilecol><tilecol>21</tilecol><tilecol>21</tilecol><tilecol>21</tilecol><tilecol>21</tilecol><tilecol>21</tilecol><tilecol>3</tilecol><tilecol>21</tilecol><tilecol>21</tilecol><tilecol>21</tilecol><tilecol>3</tilecol><tilecol>21</tilecol><tilecol>21</tilecol><tilecol>21</tilecol><tilecol>21</tilecol><tilecol>6</tilecol><tilecol>6</tilecol><tilecol>21</tilecol><tilecol>21</tilecol><tilecol>21</tilecol><tilecol>21</tilecol><tilecol>21</tilecol><tilecol>21</tilecol><tilecol>6</tilecol><tilecol>21</tilecol><tilecol>21</tilecol><tilecol>21</tilecol><tilecol>21</tilecol><tilecol>21</tilecol><tilecol>21</tilecol><tilecol>21</tilecol><tilecol>21</tilecol><tilecol>21</tilecol><tilecol>21</tilecol><tilecol>21</tilecol><tilecol>21</tilecol><tilecol>21</tilecol><tilecol>21</tilecol><tilecol>21</tilecol><tilecol>6</tilecol>
</tilerow>
<tilerow>
<tilecol>6</tilecol><tilecol>21</tilecol><tilecol>21</tilecol><tilecol>21</tilecol><tilecol>21</tilecol><tilecol>21</tilecol><tilecol>21</tilecol><tilecol>21</tilecol><tilecol>21</tilecol><tilecol>21</tilecol><tilecol>21</tilecol><tilecol>21</tilecol><tilecol>21</tilecol><tilecol>21</tilecol><tilecol>21</tilecol><tilecol>21</tilecol><tilecol>21</tilecol><tilecol>21</tilecol><tilecol>21</tilecol><tilecol>21</tilecol><tilecol>21</tilecol><tilecol>21</tilecol><tilecol>21</tilecol><tilecol>21</tilecol><tilecol>21</tilecol><tilecol>6</tilecol><tilecol>6</tilecol><tilecol>21</tilecol><tilecol>21</tilecol><tilecol>21</tilecol><tilecol>21</tilecol><tilecol>21</tilecol><tilecol>21</tilecol><tilecol>6</tilecol><tilecol>21</tilecol><tilecol>21</tilecol><tilecol>21</tilecol><tilecol>3</tilecol><tilecol>21</tilecol><tilecol>21</tilecol><tilecol>21</tilecol><tilecol>21</tilecol><tilecol>21</tilecol><tilecol>21</tilecol><tilecol>21</tilecol><tilecol>3</tilecol><tilecol>21</tilecol><tilecol>21</tilecol><tilecol>21</tilecol><tilecol>6</tilecol>
</tilerow>
<tilerow>
<tilecol>6</tilecol><tilecol>21</tilecol><tilecol>21</tilecol><tilecol>21</tilecol><tilecol>21</tilecol><tilecol>21</tilecol><tilecol>21</tilecol><tilecol>21</tilecol><tilecol>21</tilecol><tilecol>21</tilecol><tilecol>21</tilecol><tilecol>21</tilecol><tilecol>21</tilecol><tilecol>21</tilecol><tilecol>21</tilecol><tilecol>21</tilecol><tilecol>21</tilecol><tilecol>21</tilecol><tilecol>21</tilecol><tilecol>21</tilecol><tilecol>21</tilecol><tilecol>21</tilecol><tilecol>21</tilecol><tilecol>21</tilecol><tilecol>21</tilecol><tilecol>6</tilecol><tilecol>6</tilecol><tilecol>21</tilecol><tilecol>21</tilecol><tilecol>21</tilecol><tilecol>21</tilecol><tilecol>21</tilecol><tilecol>21</tilecol><tilecol>6</tilecol><tilecol>21</tilecol><tilecol>21</tilecol><tilecol>21</tilecol><tilecol>21</tilecol><tilecol>21</tilecol><tilecol>21</tilecol><tilecol>21</tilecol><tilecol>21</tilecol><tilecol>21</tilecol><tilecol>21</tilecol><tilecol>21</tilecol><tilecol>21</tilecol><tilecol>21</tilecol><tilecol>21</tilecol><tilecol>21</tilecol><tilecol>6</tilecol>
</tilerow>
<tilerow>
<tilecol>6</tilecol><tilecol>11</tilecol><tilecol>21</tilecol><tilecol>21</tilecol><tilecol>21</tilecol><tilecol>21</tilecol><tilecol>21</tilecol><tilecol>21</tilecol><tilecol>21</tilecol><tilecol>21</tilecol><tilecol>21</tilecol><tilecol>21</tilecol><tilecol>21</tilecol><tilecol>21</tilecol><tilecol>21</tilecol><tilecol>21</tilecol><tilecol>21</tilecol><tilecol>21</tilecol><tilecol>21</tilecol><tilecol>21</tilecol><tilecol>21</tilecol><tilecol>21</tilecol><tilecol>21</tilecol><tilecol>21</tilecol><tilecol>12</tilecol><tilecol>6</tilecol><tilecol>6</tilecol><tilecol>11</tilecol><tilecol>21</tilecol><tilecol>21</tilecol><tilecol>0</tilecol><tilecol>21</tilecol><tilecol>12</tilecol><tilecol>6</tilecol><tilecol>11</tilecol><tilecol>21</tilecol><tilecol>21</tilecol><tilecol>21</tilecol><tilecol>21</tilecol><tilecol>21</tilecol><tilecol>5</tilecol><tilecol>21</tilecol><tilecol>21</tilecol><tilecol>21</tilecol><tilecol>21</tilecol><tilecol>21</tilecol><tilecol>21</tilecol><tilecol>21</tilecol><tilecol>12</tilecol><tilecol>6</tilecol>
</tilerow>
<tilerow>
<tilecol>6</tilecol><tilecol>6</tilecol><tilecol>6</tilecol><tilecol>6</tilecol><tilecol>6</tilecol><tilecol>6</tilecol><tilecol>6</tilecol><tilecol>6</tilecol><tilecol>6</tilecol><tilecol>6</tilecol><tilecol>6</tilecol><tilecol>6</tilecol><tilecol>6</tilecol><tilecol>6</tilecol><tilecol>6</tilecol><tilecol>6</tilecol><tilecol>6</tilecol><tilecol>6</tilecol><tilecol>6</tilecol><tilecol>6</tilecol><tilecol>6</tilecol><tilecol>6</tilecol><tilecol>6</tilecol><tilecol>6</tilecol><tilecol>6</tilecol><tilecol>6</tilecol><tilecol>6</tilecol><tilecol>6</tilecol><tilecol>6</tilecol><tilecol>6</tilecol><tilecol>6</tilecol><tilecol>6</tilecol><tilecol>6</tilecol><tilecol>6</tilecol><tilecol>6</tilecol><tilecol>6</tilecol><tilecol>6</tilecol><tilecol>6</tilecol><tilecol>6</tilecol><tilecol>6</tilecol><tilecol>6</tilecol><tilecol>6</tilecol><tilecol>6</tilecol><tilecol>6</tilecol><tilecol>6</tilecol><tilecol>6</tilecol><tilecol>6</tilecol><tilecol>6</tilecol><tilecol>6</tilecol><tilecol>6</tilecol>
</tilerow>
</map>

