<map>
<tilerow>
<tilecol>26</tilecol><tilecol>24</tilecol><tilecol>25</tilecol><tilecol>23</tilecol><tilecol>26</tilecol><tilecol>26</tilecol><tilecol>26</tilecol><tilecol>26</tilecol><tilecol>26</tilecol><tilecol>23</tilecol><tilecol>23</tilecol><tilecol>26</tilecol><tilecol>26</tilecol><tilecol>26</tilecol><tilecol>26</tilecol><tilecol>26</tilecol><tilecol>23</tilecol><tilecol>24</tilecol><tilecol>25</tilecol><tilecol>26</tilecol>
</tilerow>
<tilerow>
<tilecol>27</tilecol><tilecol>23</tilecol><tilecol>23</tilecol><tilecol>23</tilecol><tilecol>23</tilecol><tilecol>23</tilecol><tilecol>23</tilecol><tilecol>23</tilecol><tilecol>23</tilecol><tilecol>23</tilecol><tilecol>23</tilecol><tilecol>23</tilecol><tilecol>23</tilecol><tilecol>23</tilecol><tilecol>23</tilecol><tilecol>8</tilecol><tilecol>23</tilecol><tilecol>23</tilecol><tilecol>19</tilecol><tilecol>27</tilecol>
</tilerow>
<tilerow>
<tilecol>29</tilecol><tilecol>23</tilecol><tilecol>28</tilecol><tilecol>23</tilecol><tilecol>23</tilecol><tilecol>23</tilecol><tilecol>24</tilecol><tilecol>25</tilecol><tilecol>23</tilecol><tilecol>24</tilecol><tilecol>25</tilecol><tilecol>23</tilecol><tilecol>24</tilecol><tilecol>25</tilecol><tilecol>23</tilecol><tilecol>23</tilecol><tilecol>23</tilecol><tilecol>27</tilecol><tilecol>23</tilecol><tilecol>29</tilecol>
</tilerow>
<tilerow>
<tilecol>27</tilecol><tilecol>23</tilecol><tilecol>28</tilecol><tilecol>23</tilecol><tilecol>27</tilecol><tilecol>23</tilecol><tilecol>23</tilecol><tilecol>23</tilecol><tilecol>23</tilecol><tilecol>23</tilecol><tilecol>23</tilecol><tilecol>23</tilecol><tilecol>23</tilecol><tilecol>23</tilecol><tilecol>23</tilecol><tilecol>27</tilecol><tilecol>23</tilecol><tilecol>29</tilecol><tilecol>23</tilecol><tilecol>27</tilecol>
</tilerow>
<tilerow>
<tilecol>29</tilecol><tilecol>23</tilecol><tilecol>23</tilecol><tilecol>23</tilecol><tilecol>29</tilecol><tilecol>23</tilecol><tilecol>23</tilecol><tilecol>30</tilecol><tilecol>23</tilecol><tilecol>23</tilecol><tilecol>23</tilecol><tilecol>23</tilecol><tilecol>31</tilecol><tilecol>23</tilecol><tilecol>23</tilecol><tilecol>29</tilecol><tilecol>23</tilecol><tilecol>23</tilecol><tilecol>23</tilecol><tilecol>29</tilecol>
</tilerow>
<tilerow>
<tilecol>0</tilecol><tilecol>23</tilecol><tilecol>28</tilecol><tilecol>23</tilecol><tilecol>26</tilecol><tilecol>23</tilecol><tilecol>23</tilecol><tilecol>31</tilecol><tilecol>23</tilecol><tilecol>23</tilecol><tilecol>23</tilecol><tilecol>23</tilecol><tilecol>31</tilecol><tilecol>23</tilecol><tilecol>19</tilecol><tilecol>26</tilecol><tilecol>23</tilecol><tilecol>26</tilecol><tilecol>23</tilecol><tilecol>23</tilecol>
</tilerow>
<tilerow>
<tilecol>23</tilecol><tilecol>23</tilecol><tilecol>23</tilecol><tilecol>23</tilecol><tilecol>23</tilecol><tilecol>23</tilecol><tilecol>23</tilecol><tilecol>31</tilecol><tilecol>23</tilecol><tilecol>8</tilecol><tilecol>23</tilecol><tilecol>8</tilecol><tilecol>31</tilecol><tilecol>23</tilecol><tilecol>26</tilecol><tilecol>23</tilecol><tilecol>23</tilecol><tilecol>23</tilecol><tilecol>23</tilecol><tilecol>23</tilecol>
</tilerow>
<tilerow>
<tilecol>26</tilecol><tilecol>26</tilecol><tilecol>26</tilecol><tilecol>23</tilecol><tilecol>23</tilecol><tilecol>26</tilecol><tilecol>23</tilecol><tilecol>30</tilecol><tilecol>30</tilecol><tilecol>30</tilecol><tilecol>30</tilecol><tilecol>30</tilecol><tilecol>30</tilecol><tilecol>23</tilecol><tilecol>23</tilecol><tilecol>23</tilecol><tilecol>23</tilecol><tilecol>26</tilecol><tilecol>26</tilecol><tilecol>26</tilecol>
</tilerow>
<tilerow>
<tilecol>23</tilecol><tilecol>23</tilecol><tilecol>23</tilecol><tilecol>26</tilecol><tilecol>23</tilecol><tilecol>23</tilecol><tilecol>23</tilecol><tilecol>23</tilecol><tilecol>23</tilecol><tilecol>23</tilecol><tilecol>23</tilecol><tilecol>28</tilecol><tilecol>23</tilecol><tilecol>23</tilecol><tilecol>23</tilecol><tilecol>23</tilecol><tilecol>26</tilecol><tilecol>23</tilecol><tilecol>23</tilecol><tilecol>23</tilecol>
</tilerow>
<tilerow>
<tilecol>23</tilecol><tilecol>23</tilecol><tilecol>23</tilecol><tilecol>23</tilecol><tilecol>26</tilecol><tilecol>8</tilecol><tilecol>23</tilecol><tilecol>27</tilecol><tilecol>23</tilecol><tilecol>27</tilecol><tilecol>23</tilecol><tilecol>27</tilecol><tilecol>23</tilecol><tilecol>28</tilecol><tilecol>23</tilecol><tilecol>26</tilecol><tilecol>23</tilecol><tilecol>23</tilecol><tilecol>8</tilecol><tilecol>23</tilecol>
</tilerow>
<tilerow>
<tilecol>27</tilecol><tilecol>23</tilecol><tilecol>23</tilecol><tilecol>23</tilecol><tilecol>27</tilecol><tilecol>23</tilecol><tilecol>23</tilecol><tilecol>29</tilecol><tilecol>23</tilecol><tilecol>29</tilecol><tilecol>23</tilecol><tilecol>29</tilecol><tilecol>23</tilecol><tilecol>28</tilecol><tilecol>23</tilecol><tilecol>27</tilecol><tilecol>23</tilecol><tilecol>23</tilecol><tilecol>23</tilecol><tilecol>27</tilecol>
</tilerow>
<tilerow>
<tilecol>29</tilecol><tilecol>23</tilecol><tilecol>23</tilecol><tilecol>23</tilecol><tilecol>29</tilecol><tilecol>23</tilecol><tilecol>23</tilecol><tilecol>23</tilecol><tilecol>23</tilecol><tilecol>23</tilecol><tilecol>8</tilecol><tilecol>23</tilecol><tilecol>23</tilecol><tilecol>23</tilecol><tilecol>23</tilecol><tilecol>29</tilecol><tilecol>23</tilecol><tilecol>23</tilecol><tilecol>23</tilecol><tilecol>29</tilecol>
</tilerow>
<tilerow>
<tilecol>27</tilecol><tilecol>23</tilecol><tilecol>23</tilecol><tilecol>23</tilecol><tilecol>23</tilecol><tilecol>26</tilecol><tilecol>23</tilecol><tilecol>28</tilecol><tilecol>23</tilecol><tilecol>28</tilecol><tilecol>23</tilecol><tilecol>28</tilecol><tilecol>28</tilecol><tilecol>23</tilecol><tilecol>26</tilecol><tilecol>23</tilecol><tilecol>23</tilecol><tilecol>23</tilecol><tilecol>23</tilecol><tilecol>27</tilecol>
</tilerow>
<tilerow>
<tilecol>29</tilecol><tilecol>23</tilecol><tilecol>23</tilecol><tilecol>23</tilecol><tilecol>23</tilecol><tilecol>23</tilecol><tilecol>23</tilecol><tilecol>23</tilecol><tilecol>23</tilecol><tilecol>23</tilecol><tilecol>19</tilecol><tilecol>23</tilecol><tilecol>23</tilecol><tilecol>23</tilecol><tilecol>23</tilecol><tilecol>23</tilecol><tilecol>8</tilecol><tilecol>23</tilecol><tilecol>22</tilecol><tilecol>29</tilecol>
</tilerow>
<tilerow>
<tilecol>26</tilecol><tilecol>24</tilecol><tilecol>25</tilecol><tilecol>23</tilecol><tilecol>23</tilecol><tilecol>26</tilecol><tilecol>26</tilecol><tilecol>26</tilecol><tilecol>26</tilecol><tilecol>23</tilecol><tilecol>23</tilecol><tilecol>26</tilecol><tilecol>26</tilecol><tilecol>26</tilecol><tilecol>26</tilecol><tilecol>23</tilecol><tilecol>23</tilecol><tilecol>24</tilecol><tilecol>25</tilecol><tilecol>26</tilecol>
</tilerow>
</map>

